No.,Name
1,"Sy, Asher Judd"
2,"Romualdez, Davin Sean"
3,"Baliwang, Mark John T."
4,"Mendoza, Jemaicah Yap"
5,"Omana, Liam Benedict"
6,"Penaverde, Marco Viniel"
7,"Teves, Clark Lois"
8,"Antiporta, Jayrald Jade"
9,"Andres, Cyrus Sandrei"
10,"Pacheco, Kerwin Matthew Jr."
11,"Piamonte, Caleb Jan"
12,"Castro, Cayden Josh"
13,"Manalo, Dee Jay Acquio"
14,"De Leon, Nathan Elijah"
15,"Alleva, Lucky One"
16,"de Ocampo, Agatha Marie F."
17,"Del Rosario, Liam Gavin"
18,"Berrey, Pablo Aeden"
19,"Hui, Kennedy"
20,"Chan, Jacob Alexander"
21,"de Dios, Joshua Enrique"
22,"Escobar, Joaquin Marco"
23,"Estandian, Mhenehya Anne"
24,"Hilario, Elaine"
25,"Morales, Miguel"
26,"Roxas, "
27,"Yu, Jovan Maguire"
28,"Romualdez, Danry Seth"
29,"Garibay, Martin Dave"
30,"Chua, Aedan Gavin"
31,"Orzame, Zach Evan"
32,"Legaspi, Jeric Marc Euterio R."
33,"Simangan, Daniel Gabriel G."
34,"Gonzales, Christian Emmanuel"
35,"Saldivar, Samantha Chloe"
36,"Nolte, Paris Beau"
37,"Bautista, Ma. Caissa Pauleen"
38,"Eulogio, Vince Ethan"
39,"Lao, Nikisha C."
40,"Kho, Mikel Andersen F."
41,"Calucin, Red Athena"
42,"Lazaro, Nomer Ezekiel"
43,"Bucad, Franklin"
44,"Paras, Aria Sophia"
45,"Ong, Clarence"
46,"Ronda, Ron Vincent"
47,"Mack Lee, Aizyleen"
48,"Lo, Charlie Anne"
49,"Ang, Fyodor Joshua"
50,"Francisco, King Kyrie"
51,"Quilondrino, Zyric Johann"
52,"Angeles, Julian Gabriel"
53,"Velasco, Jacobo Antonio"
54,"Daes, Micah Ella Andrea"
55,"Mendez, Sophia Nathalie Y."
56,"Chua, Tracy Dominique"
57,"Villamor, John Andrei Pio"
58,"Ong, Jericho Aiden"
59,"Datu, Isaiah Daniel"
60,"Guevarra, Aiden Kaizer"
61,"Tuazon, Sebastian Seth"
62,"Gaw, Owen Ethan"
63,"Francisco, Pierre Joaquin"
64,"Penaverde, Ma. Louise Yzabelle"
65,"Manalo, Rohan Enzo"
66,"Uy, Arcielin Michinie"
67,"Kobayashi, Yonosuke"
68,"Torrentira, Renee Emmanuelle B."
69,"Pagkatipunan, Ian"
70,"Umali, Chad Johann"
71,"Mesina, Justine Miguel"
72,"Ting, Lucas Benjamin"
73,"Pesengco, Tyler Ethan"
74,"Torrentira, Rio Elizabeth B."
75,"Contreras, Frank Matthew"
76,"Aga, Andrea Danielle"
77,"Paradero, Raya Georgette"
78,"Uy, Alekhine Makairee"
79,"Soria, Marguel Jr."
80,"Manglapus, Frances Morren"
81,"Favila, Santiago Luca"
82,"Santos, Lia Emiko"
83,"Yen, Danica Angel"
84,"Berrey, Laura Anisette"
85,"Tan, Haley Elliaina"
86,"Loyola, Ryle Jared"
87,"Agmata, Juan Lucas"
88,"Del Rosario, Ethan Raphael"
89,"Diaz, Rich Alwyn"
90,"Angeles, Venus Andrea"
91,"Apan, Stephen"
92,"Bautista, Rio Isabelle"
93,"Bonganay, Andrie"
94,"Bonganay, Joshua"
95,"Cuarto, Adrielle Marquee"
96,"Fernandez, Ron Ezekiel Lester"
97,"Gorospe, Angelo Jozh"
98,"Ibasco, Jewell Rhaeka"
99,"Jacutina, Sebastian Quiel"
100,"Lim, Kadence Nicola Joaquin"
101,"Rolluqui, Beatrice"
102,"Rosales, Johnel"
103,"Sedicol, Cris Robert"
104,"Silvestre, Prince Menard"
105,"Villarin, Kevin Matthew"
106,"Yerro, Carl Timothy"
107,"Tobias, Marcus Adrian"
108,"Orivida, Alexavier Javin"
109,"Marcelino, Sofia Elise"
110,"Guittap, Alexandria"
111,"Inting, Jan Joseph"
112,"Acosta, Aljohn"
113,"Lim, Kislap Rafael"
114,"Ang, Zion Chase C."
115,"Zeng, Leon"
116,"Kobayashi, Keinosuke"
117,"Segarra, Alina Amelia"
118,"Ong, John Andre"
119,"Vargas, Miguel Kalil"
120,"Cendana, Zion Arthur"
121,"Manalo, Aeidan Mikhail"
122,"Go, Scott Maverick"
123,"Tabunar, Alfonso Mikael"
124,"Hugo, Avram Cian"
125,"Yerro, Nathan Carl"
126,"Mendoza, Jacob Zeus"
127,"Moti, Aaliah"
128,"Almazan, Andre Rich"
129,"Perez, Alesso M."
130,"Rabago, Georgina"
131,"Ramos, Ayesha Teri"
132,"Tangsoc, Thomas Asher Iv"
133,"Andrada, Harvey Abelardo"
134,"Traviño, Marcaeus Adrien"
135,"Dellera, Caiden Marcus"
136,"Buenaventura, Darynn Sky B."
137,"Andajer, Leopoldo Ii"
138,"Ramos, Ronan Rafael Ryle"
139,"Enghog, Samuel Seth"
140,"Bucad, Maria Francheska"
141,"Embarca, Jech Claurwense"
142,"Caballero, Lewin Karl"
143,"Estavillo, Aiden Cayde"
144,"Navarro, Leanne Stephanie"
145,"Casino, Gabrielle"
146,"Bautista, Samuel Isaac L."
147,"Tolentino, Isaiah Immanuel"
148,"Ocampo, Alon Christopher"
149,"Nudalo, Miguel Paulo"
150,"Meneses, Viktor Kleighn"
151,"Fernandez, Kyrie"
152,"De Castro, Precious Czyril"
153,"Villapana, Joemarie Andrei Nataniel"
154,"Galvez, Marycris Angelyn B."
155,"Anastacio, Paul Dominic"
156,"Andajer, Shekainah Jhezh D."
157,"Cobengkay, Freyden Ean"
158,"Concepcion, Bryan Gunhoo"
159,"Cruzada, Xander"
160,"Defensor, Kylie"
161,"Gil, Lance Markuz"
162,"Jacob, Alexander Daniel"
163,"Jo, Suhyuk"
164,"Lao, Damian Rafael"
165,"Linao, "
166,"Losbanes, Paul Alexzander"
167,"Losbanes, Prince Axcel"
168,"Marmolejo, Pio Miguel"
169,"Panganiban, Ava Alexa"
170,"Pansensoy, Ethan Xavier"
171,"Pantaleon, Jebriel"
172,"Ramos, Juan Miguel"
173,"Ramos, Luis Antonio"
174,"Salazar, Ivan Gil"
175,"Salazar, Pablo Francisco"
176,"Soriano, Ryona D."
177,"Tamesis, Timothy Khris"
178,"Tolosa, Luna Aezekiel"
179,"Xie, Richard Angelo"
180,"Ying, Stephen Wei"
